timestamp,id,category,iou,verdict,notes
2026-07-10T15:49:54,train-en-10593,mischaracterization,0.0,ambiguous,"Underlying VLM response is degenerate/garbled (numeric garbage, not a real store name) — not a normal hallucination case. Haiku correctly found nothing verifiable to flag. Edge case in the data, not a model failure."
2026-07-10T16:19:48,train-en-11663,mischaracterization,0.0,ambiguous,The anotator agreement is only 0.3
2026-07-10T16:36:23,train-en-1612,mischaracterization,0.0,genuine_miss,Model missed the 0.33 agreement on cherry tomatoes and tosted seasme seeds
2026-07-10T16:54:25,train-en-10126,mischaracterization,0.0,genuine_miss,model labelled correctly the ocr and miscounting but wrong count identified
2026-07-10T17:51:28,train-en-664,mischaracterization,0.0,haiku_hallucinated,"the petals are actually white, haiku labeled the whole blue and white flowers as mischar"
2026-07-10T17:55:37,train-en-11759,mischaracterization,0.0,haiku_hallucinated,haiku being overly analysinn on top of vs on the table
2026-07-10T18:01:46,train-en-1029,mischaracterization,0.2608695652173913,correct_match,"haiku correctly classified as invention ""screws and adhesive"" then gols michar=with screws"""
2026-07-10T18:13:43,train-en-11649,mischaracterization,0.11666666666666667,correct_match,
2026-07-10T18:16:58,train-en-1363,mischaracterization,0.5333333333333333,correct_match,
2026-07-10T18:20:32,train-en-1785,other,0.0,genuine_miss,"missed the ""viewfinder"""
2026-07-10T18:22:49,train-en-10553,other,0.0,genuine_miss,haiku didnt highlighted teh hallucinated span
2026-07-10T18:25:28,train-en-2319,other,0.0,correct_match,
2026-07-10T18:27:35,train-en-10276,other,0.0,genuine_miss,haiku missed the ring and labeled it as invention
2026-07-10T18:34:03,train-en-2048,other,0.0,haiku_hallucinated,haiku is being extremly strict about color description which could be reddish pink
2026-07-10T18:36:47,train-en-10065,other,0.0,haiku_hallucinated,haiku missed a person's head which is difficult to find
2026-07-10T18:41:09,train-en-11574,other,0.18181818181818182,haiku_hallucinated,the word unustral was correctly highlgihted but worngly classified as OCR
2026-07-10T18:42:53,train-en-10796,other,0.75,correct_match,crrectly matched but wrong label invention insteadof other
2026-07-10T18:46:57,train-en-10681,none,0.0,ambiguous,the cement ground is subjective description
2026-07-10T18:49:49,train-en-9920,none,0.0,haiku_hallucinated,"theer are actually three benches, not the table"
2026-07-10T18:51:41,train-en-422,none,0.0,haiku_hallucinated,"haiku falsely highlgihted two poles as mistake,which are indeed 2"
2026-07-10T18:55:14,train-en-2444,none,0.0,haiku_hallucinated,
2026-07-10T18:58:50,train-en-2379,none,0.0,haiku_hallucinated,haiku is overly being specific abt the seafood case sensitivity
2026-07-10T19:00:08,train-en-1245,none,1.0,correct_match,
2026-07-10T19:01:22,train-en-462,none,1.0,correct_match,
2026-07-10T19:03:43,train-en-582,invention,0.0,correct_match,"gold has low agreement on balde angle inevntion,"
2026-07-10T19:11:29,train-en-11658,invention,0.0,ambiguous,
2026-07-10T19:15:15,train-en-10588,invention,0.0392156862745098,correct_match,
2026-07-10T19:17:33,train-en-2475,ocr,0.0,correct_match,
2026-07-10T19:21:24,train-en-9810,ocr,0.3076923076923077,correct_match,haiku also labeled signed along with gabs
2026-07-10T19:22:31,train-en-9626,invention,N/A,correct_match,
2026-07-10T19:25:28,train-en-9627,ocr,1.0,correct_match,even though the word mentioned in reason is till wrong its time
2026-07-10T19:27:34,train-en-9846,ocr,0.6428571428571429,correct_match,
2026-07-10T19:29:07,train-en-987,miscounting,0.0,correct_match,
2026-07-10T19:32:16,train-en-10001,miscounting,0.06329113924050633,haiku_hallucinated,though correctly find 3 as halluciantion but for the wrong reason
2026-07-10T19:34:15,train-en-530,miscounting,0.6470588235294118,correct_match,
2026-07-10T19:35:11,train-en-10153,miscounting,1.0,correct_match,
